gameId,region,summonerName,tier,rank,wins,losses,win,lane,role,championId,spell1Id,spell2Id,kills,deaths,assists,largestKillingSpree,largestMultiKill,killingSprees,longestTimeSpentLiving,doubleKills,tripleKills,quadraKills,pentaKills,totalDamageDealt,totalDamageDealtToChampions,totalHeal,totalUnitsHealed,damageDealtToObjectives,timeCCingOthers,totalDamageTaken,totalMinionsKilled,goldEarned,goldSpent,visionScore,team-firstBlood,team-firstTower,team-firstInhibitor,team-firstBaron,team-firstDragon,team-firstRiftHerald,team-towerKills,team-inhibitorKills,team-baronKills,team-dragonKills,team-vilemawKills,team-riftHeraldKills
1060472568,la2,nik018,DIAMOND,IV,108,121,False,NONE,DUO_SUPPORT,62,4,12,4,4,0,2,1,1,353,0,0,0,0,51178,11225,1387,1,1932,10,12450,106,7102,6950,10,True,False,False,False,False,True,0,0,0,0,0,1
1059619921,la2,Calurdio,DIAMOND,IV,448,409,True,TOP,SOLO,24,12,4,8,5,7,4,2,2,974,2,0,0,0,142037,24766,5964,1,13128,14,27003,212,13961,14075,27,True,True,True,False,False,False,11,2,1,3,0,0
1060293408,la2,Izuánder,DIAMOND,IV,331,323,False,MIDDLE,DUO_CARRY,157,4,14,4,10,9,2,1,1,340,0,0,0,0,82067,20628,4377,1,3987,28,22611,112,8273,7850,13,True,False,False,False,False,False,1,0,0,1,0,0
1056744090,la2,Maasta,DIAMOND,IV,121,116,True,NONE,DUO_SUPPORT,64,54,11,5,4,7,3,2,1,167,1,0,0,0,51138,11643,4931,1,5110,13,15485,16,8090,5730,6,False,True,True,False,True,False,5,1,0,1,0,0
1059694525,la2,tu rco 66,DIAMOND,IV,44,33,False,BOTTOM,DUO_CARRY,13,54,4,16,16,9,4,2,4,222,1,0,0,0,267228,60246,9944,1,17215,32,51756,183,25586,18275,23,False,True,False,False,False,True,7,2,0,0,0,1
1060321160,la2,aatrox d4 player,DIAMOND,IV,655,658,False,MIDDLE,DUO,266,4,12,12,7,6,4,3,3,491,2,1,0,0,212249,39693,26122,1,3061,38,58244,245,16146,15075,26,True,True,True,True,True,False,6,1,1,3,0,0
1060188250,la2,RMMP,DIAMOND,IV,300,321,True,BOTTOM,SOLO,117,4,3,3,9,23,2,1,1,560,0,0,0,0,14998,8325,2910,8,2587,45,17895,2,9098,7495,39,False,True,True,True,False,True,11,5,1,3,0,2
1060318580,la2,ignasave,DIAMOND,IV,153,102,True,TOP,SOLO,39,12,4,6,0,9,6,2,1,0,1,0,0,0,123673,11942,7725,1,15485,13,17190,178,12389,11300,13,False,True,True,True,True,True,10,2,1,4,0,2
1060448280,la2,Best Leblanc,DIAMOND,IV,51,44,False,NONE,DUO_SUPPORT,245,12,4,1,1,0,0,1,0,643,0,0,0,0,53224,2938,1153,1,1541,6,8603,104,4730,4500,10,False,False,False,False,True,False,0,0,0,1,0,0
1060591736,la2,THE PLINSTERPINE,DIAMOND,IV,75,50,True,JUNGLE,NONE,14,4,11,8,3,11,4,3,2,963,2,1,0,0,233043,20109,15479,1,31254,50,35483,65,13927,13925,31,True,False,True,False,True,True,11,3,0,3,0,2
1060279060,la2,Totemkult,DIAMOND,IV,84,92,True,TOP,DUO,54,4,12,0,2,4,0,0,0,936,0,0,0,0,87790,11097,2052,1,5137,24,10319,167,8834,8050,16,True,True,True,True,True,True,8,1,1,3,0,1
1059978309,la2,G2 NachExell,DIAMOND,IV,45,37,True,NONE,DUO_SUPPORT,131,4,32,8,7,23,3,2,2,203,2,0,0,0,27285,14754,1181,1,0,4,12679,17,9448,8385,0,False,True,True,False,False,False,4,1,0,0,0,0
1060593890,la2,omeguin,DIAMOND,IV,78,71,False,TOP,SOLO,106,4,12,5,12,6,2,1,1,372,0,0,0,0,128037,27899,7053,1,18158,28,36902,128,11391,11025,17,False,True,False,False,False,True,5,0,0,0,0,1
1059570911,la2,Al toke Roque,DIAMOND,IV,77,69,False,JUNGLE,NONE,141,11,54,4,8,16,2,1,2,309,0,0,0,0,107506,28148,18363,1,3641,27,39833,29,10921,10575,9,True,False,False,False,True,True,3,0,0,1,0,2
1060580940,la2,Will Herondale,DIAMOND,IV,50,40,False,NONE,DUO,21,21,4,7,7,10,2,2,2,155,2,0,0,0,78623,22612,3087,1,0,11,13977,68,10644,10550,0,False,False,False,False,False,False,0,0,0,0,0,0
1060015642,la2,juego de mierdá,DIAMOND,IV,155,108,False,BOTTOM,DUO_SUPPORT,12,4,14,2,3,11,0,1,0,521,0,0,0,0,25341,7284,6982,5,3047,35,14235,33,6651,5750,27,False,False,False,False,False,False,2,0,0,2,0,0
1060582119,la2,LSL DIBAN,DIAMOND,IV,679,603,True,JUNGLE,NONE,56,4,11,8,3,9,4,2,2,769,2,0,0,0,208806,12574,14096,1,42421,161,33827,47,13772,12200,36,True,True,False,False,True,True,7,1,1,5,0,2
1056359802,la2,Šelene,DIAMOND,IV,84,61,False,BOTTOM,DUO_SUPPORT,111,14,4,1,8,11,0,1,0,467,0,0,0,0,26806,7011,464,4,727,46,16629,31,6886,6575,49,True,True,False,False,True,False,5,0,0,1,0,1
1060183251,la2,Don Juanin,DIAMOND,IV,68,57,True,NONE,DUO_SUPPORT,21,54,4,6,4,12,3,1,2,342,0,0,0,0,67315,19307,411,1,4947,13,7600,53,11533,10150,31,True,True,True,False,False,True,8,1,0,2,0,1
1060603401,la2,ø Matias ø,DIAMOND,IV,74,59,False,JUNGLE,NONE,107,4,11,19,7,6,8,3,3,554,3,1,0,0,169327,32187,16123,1,17945,16,35192,40,16117,18250,19,True,False,False,True,False,False,3,0,1,2,0,0
1060277356,la2,Zaki,DIAMOND,IV,70,67,False,NONE,DUO_SUPPORT,48,11,4,3,5,3,0,1,0,520,0,0,0,0,82255,5876,8290,1,20174,7,18602,11,7068,7050,16,True,True,False,False,False,True,1,0,0,0,0,1
1060377102,la2,LP xRomaaa,DIAMOND,IV,361,331,False,BOTTOM,DUO_SUPPORT,44,4,14,2,4,30,0,1,0,618,0,0,0,0,58680,9324,14305,5,1694,27,19201,51,10135,8350,56,True,False,False,False,True,False,1,0,0,1,0,0
1060310639,la2,Rvsían,DIAMOND,IV,107,75,False,JUNGLE,NONE,120,4,11,14,9,17,7,2,3,713,2,0,0,0,153407,32838,17469,1,19743,45,56531,39,14491,15565,23,True,True,False,False,False,True,3,0,0,1,0,1
1060303475,la2,Herner ,DIAMOND,IV,278,242,False,TOP,DUO,17,4,54,2,18,26,0,1,0,205,0,0,0,0,94930,42054,1645,1,0,49,41230,77,12666,12050,13,False,False,True,False,False,False,6,1,0,2,0,0
1057171965,la2,NICOLIT0900,DIAMOND,IV,160,153,False,JUNGLE,NONE,876,11,4,9,8,9,3,2,3,393,1,0,0,0,198338,40284,17792,1,23632,28,41272,66,13935,13425,11,False,False,False,True,False,False,6,0,2,1,0,0
1057458667,la2,MaarshmellO,DIAMOND,IV,118,128,True,BOTTOM,DUO_CARRY,67,4,7,9,3,2,5,2,2,585,1,0,0,0,135898,14366,5617,2,13228,9,16234,179,12669,10750,23,False,True,True,True,True,False,11,4,1,4,0,1
1060381973,la2,Gate of Steiner,DIAMOND,IV,69,66,True,JUNGLE,NONE,121,11,54,3,5,6,2,1,1,520,0,0,0,0,106803,12706,11076,1,12353,12,22723,12,9876,9400,19,True,True,False,False,True,False,5,0,0,2,0,0
1057883378,la2,Menics,DIAMOND,IV,210,187,False,NONE,DUO,36,4,12,0,0,0,0,0,0,0,0,0,0,0,0,0,0,0,0,0,0,0,694,500,0,False,False,False,False,False,False,0,0,0,0,0,0
1060103065,la2,I Quit lol,DIAMOND,IV,92,91,True,BOTTOM,DUO,84,54,4,7,7,10,2,1,2,370,0,0,0,0,101388,23402,5360,1,4649,2,31811,100,14994,14350,28,True,True,True,True,True,True,8,2,2,4,0,1
1056952938,la2,StarSett,DIAMOND,IV,162,197,True,JUNGLE,NONE,75,54,4,10,2,8,7,3,2,1033,2,2,0,0,147156,35494,10473,1,10678,29,35524,141,17609,16850,18,False,False,True,False,False,True,11,3,0,2,0,1
1060269076,la2,Tottysensual,DIAMOND,IV,31,19,False,JUNGLE,NONE,11,11,4,6,8,7,2,2,2,523,1,0,0,0,240347,16673,12284,1,23201,3,30814,63,14095,13825,16,True,True,False,False,False,True,6,0,0,1,0,1
1059748242,la2,Alextint0r,DIAMOND,IV,141,113,False,TOP,DUO_SUPPORT,1,4,14,15,9,14,5,3,3,270,1,1,0,0,79706,36994,4605,1,711,34,19080,60,15742,14200,0,True,True,True,False,False,False,2,1,0,0,0,0
1060591307,la2,Hunter72,DIAMOND,IV,371,345,True,BOTTOM,DUO_CARRY,81,4,7,16,4,15,6,2,3,605,2,0,0,0,187828,38543,4915,2,24287,4,22289,171,16235,14475,31,False,True,True,True,False,False,10,2,1,4,0,0
1060088768,la2,NøT Cote uwu,DIAMOND,IV,124,127,False,BOTTOM,DUO_SUPPORT,89,14,4,1,7,9,0,1,0,581,0,0,0,0,23191,5123,234,3,2527,34,18045,38,6797,6575,60,True,False,False,False,False,False,4,0,0,2,0,1
1060601980,la2,The Great ìvar,DIAMOND,IV,162,184,True,JUNGLE,NONE,56,11,4,12,4,13,5,2,3,877,1,0,0,0,153225,20402,16844,1,43173,195,33541,30,13060,12250,21,True,True,True,False,True,True,9,1,0,4,0,2
1060595135,la2,monotroop30,DIAMOND,IV,325,292,True,BOTTOM,DUO_CARRY,81,3,4,10,2,2,5,2,2,739,1,0,0,0,172000,20118,910,1,20559,3,10563,194,14223,12725,28,False,True,True,True,True,False,9,2,2,4,0,0
1060217901,la2,BRUIXA DOLENTA ,DIAMOND,IV,98,103,False,MIDDLE,DUO,9,4,54,12,10,21,3,2,4,386,1,0,0,0,181471,52104,16257,1,401,60,50483,128,19825,16925,47,True,True,True,False,False,True,7,2,0,4,0,2
1059239743,la2,Quick Death,DIAMOND,IV,113,100,True,NONE,DUO_SUPPORT,75,12,6,0,1,1,0,0,0,710,0,0,0,0,43392,3939,196,1,1997,10,10738,100,4573,4050,14,False,True,False,False,True,True,2,0,0,2,0,1
1060456673,la2,plinos UwU,DIAMOND,IV,135,144,False,JUNGLE,NONE,516,54,4,5,12,10,3,2,2,259,1,0,0,0,117535,32501,2530,1,622,50,41713,101,13880,13525,25,True,False,False,False,False,False,0,0,0,0,0,0
1060267396,la2,AS7 Wazowski,DIAMOND,IV,194,172,True,BOTTOM,DUO_CARRY,202,7,4,7,4,6,4,1,2,906,0,0,0,0,130161,14591,4444,2,11420,25,15642,161,11011,10450,26,False,True,True,True,False,True,8,1,1,2,0,2
1060240479,la2,Dunnis,DIAMOND,IV,261,285,True,BOTTOM,DUO,4,4,54,2,7,23,0,1,0,519,0,0,0,0,80390,15834,3194,1,3997,53,21273,82,12741,11300,14,False,False,True,False,True,False,8,1,0,3,0,0
1060602697,la2,Tøxic Machucho,DIAMOND,IV,134,127,True,TOP,SOLO,236,4,54,15,4,5,12,2,2,622,3,0,0,0,170641,39409,7408,1,11475,4,22016,167,19466,17350,17,True,False,True,False,False,False,7,1,0,3,0,0
1060477986,la2,Waver,DIAMOND,IV,94,94,True,BOTTOM,DUO_CARRY,157,4,3,14,8,10,8,4,2,770,2,2,1,0,286446,54618,9795,1,22216,58,39012,221,19901,18720,17,False,True,False,False,False,True,10,1,1,1,0,1
1059347363,la2,MadnessButt,DIAMOND,IV,45,41,True,NONE,DUO_SUPPORT,105,4,32,18,11,17,4,4,6,183,4,2,1,0,48919,34572,1154,1,894,15,24772,10,13795,12400,0,True,True,True,False,False,False,4,2,0,0,0,0
1060118561,la2,Raskolnikov,DIAMOND,IV,80,87,False,JUNGLE,NONE,107,54,4,16,9,7,7,2,3,307,3,0,0,0,219904,44033,32870,1,10984,23,64028,144,20795,20725,26,False,False,False,False,True,False,4,0,0,3,0,0
1058856458,la2,Cosmic Sky,DIAMOND,IV,59,30,False,BOTTOM,DUO_SUPPORT,115,4,54,6,4,1,3,1,1,477,0,0,0,0,91898,14373,1259,1,6259,17,11410,75,12632,10750,28,False,False,False,False,False,True,2,0,0,1,0,1
1060601980,la2,Dram World,DIAMOND,IV,48,50,True,BOTTOM,DUO_CARRY,51,7,4,8,5,12,3,2,3,672,1,0,0,0,129438,23524,6699,3,10322,24,16986,169,12130,10775,27,True,True,True,False,True,True,9,1,0,4,0,2
1058121642,la2,khada jhin 4444,DIAMOND,IV,389,398,False,NONE,DUO_SUPPORT,202,4,3,1,3,4,0,1,0,536,0,0,0,0,54301,6785,871,1,1043,13,6693,106,5299,4800,7,False,False,False,False,False,False,0,0,0,0,0,0
1055372135,la2,Wra,DIAMOND,IV,59,48,True,TOP,SOLO,62,4,32,20,12,24,6,2,5,162,4,0,0,0,79703,33718,15805,1,2126,22,49807,46,16530,15300,0,True,True,True,False,False,False,4,2,0,0,0,0
1058223955,la2,God Glon,DIAMOND,IV,112,86,False,MIDDLE,SOLO,42,12,4,4,6,8,2,2,2,685,1,0,0,0,144440,26666,3261,1,8863,2,20759,190,10927,10383,32,False,False,False,False,True,False,5,0,0,2,0,1
1060471717,la2,dask,DIAMOND,IV,278,289,True,BOTTOM,DUO_SUPPORT,516,32,4,9,14,30,2,2,1,152,1,0,0,0,86556,33758,2666,1,0,69,51307,48,16594,15250,0,True,True,True,False,False,False,4,3,0,0,0,0
1060162222,la2,Capitán Pirata,DIAMOND,IV,233,210,False,TOP,SOLO,48,4,12,5,6,2,2,1,2,753,0,0,0,0,130421,20314,13369,1,12120,17,31708,179,10983,9575,33,True,False,False,False,True,True,5,0,0,2,0,1
1060421474,la2,quilicura,DIAMOND,IV,51,41,False,JUNGLE,NONE,11,4,11,14,11,5,5,4,3,557,1,1,1,0,154845,25148,8589,1,11340,3,32025,47,14199,13525,28,True,True,False,True,False,False,3,0,1,2,0,1
1060282067,la2,Remember My Yi,DIAMOND,IV,330,329,True,JUNGLE,NONE,11,11,14,14,12,13,3,3,4,577,4,1,0,0,274895,36257,14462,1,66033,4,41535,50,18176,17600,18,False,True,True,False,True,True,7,2,1,3,0,2
1060241166,la2,rostpick,DIAMOND,IV,130,158,False,MIDDLE,SOLO,101,21,4,4,9,9,0,1,0,656,0,0,0,0,162469,25858,2009,1,3098,26,18641,171,10436,10860,17,False,False,False,False,False,False,1,0,0,3,0,0
1060075185,la2,Kizeto,DIAMOND,IV,198,204,False,JUNGLE,NONE,141,4,11,9,10,13,6,2,1,609,1,0,0,0,183423,21983,15620,1,19298,10,44629,51,13540,12425,39,True,False,False,False,False,False,5,0,1,2,0,0
1059497529,la2,Muerte a Teemo,DIAMOND,IV,25,36,False,NONE,DUO_SUPPORT,235,4,13,6,11,15,3,3,2,189,2,1,0,0,46956,19426,6681,5,548,45,20140,42,11354,11050,0,False,False,False,False,False,False,0,0,0,0,0,0
1060405859,la2,Cherry ßlossõm,DIAMOND,IV,64,69,False,BOTTOM,DUO_CARRY,498,4,7,9,7,7,3,2,2,524,1,0,0,0,159967,22939,3446,3,3765,12,22006,216,13677,13550,16,True,True,False,False,False,False,1,0,0,1,0,0
1060373813,la2,GRACIAS UNIVERSO,DIAMOND,IV,20,27,True,JUNGLE,NONE,106,4,11,15,4,12,7,2,3,992,4,0,0,0,270366,32368,17440,1,31050,40,42050,68,17804,15025,37,True,False,True,False,False,True,11,4,1,3,0,1
1056651391,la2,undercraft,DIAMOND,IV,76,63,False,TOP,SOLO,114,4,12,23,9,5,7,3,5,434,3,2,0,0,219381,65816,33907,7,25119,15,59409,212,21164,20245,24,True,False,False,False,False,True,5,1,0,0,0,2
1052627886,la2,MrTroute21,DIAMOND,IV,46,49,False,NONE,DUO_SUPPORT,38,12,4,1,8,1,0,1,0,232,0,0,0,0,39228,8696,848,1,0,13,18612,68,4635,3800,1,False,False,False,False,True,False,0,0,0,2,0,0
1059894392,la2,Dasa18,DIAMOND,IV,18,16,False,MIDDLE,DUO_SUPPORT,555,32,4,12,10,10,4,4,3,180,2,1,1,0,24804,17492,4935,1,0,26,21938,4,15334,13000,0,False,False,False,False,False,False,2,1,0,0,0,0
1060080926,la2,PsychoHook,DIAMOND,IV,101,87,True,BOTTOM,DUO_SUPPORT,412,14,4,3,0,11,3,1,1,0,0,0,0,0,22477,7608,1149,5,3245,31,6069,22,7584,6625,26,True,True,True,False,True,True,11,2,0,3,0,1
1055249609,la2,Neoside,DIAMOND,IV,183,161,False,BOTTOM,DUO_SUPPORT,43,14,4,0,7,5,0,0,0,1026,0,0,0,0,30118,8928,497,1,999,14,18026,29,6874,6200,80,True,True,False,False,True,True,4,0,0,1,0,2
1059871307,la2,YendalsDeus,DIAMOND,IV,68,81,True,JUNGLE,NONE,35,14,11,15,6,10,4,2,3,388,1,0,0,0,83750,19856,4991,1,13674,22,19652,15,11540,9200,16,True,True,True,False,True,True,5,1,0,2,0,1
1057722639,la2,tu pana miguel,DIAMOND,IV,92,79,False,TOP,SOLO,17,4,14,0,5,2,0,0,0,566,0,0,0,0,89415,9847,1495,1,12452,21,12098,139,7686,6825,24,False,False,False,False,False,False,4,0,0,1,0,0
1060066360,la2,Lynx Proud,DIAMOND,IV,118,106,False,MIDDLE,SOLO,7,14,4,12,4,7,10,2,2,1163,2,0,0,0,80831,24063,2500,1,550,16,23736,148,11755,10400,25,True,False,False,False,False,False,4,0,0,1,0,0
1060602632,la2,hide ön bush,DIAMOND,IV,211,184,False,MIDDLE,SOLO,268,4,1,7,12,12,3,1,1,559,0,0,0,0,216330,41945,452,1,1738,26,31752,184,14588,14575,34,True,False,False,True,True,True,3,0,1,4,0,1
1053527996,la2,NO HAY CHANZE,DIAMOND,IV,316,328,False,NONE,DUO,13,6,4,0,0,0,0,0,0,0,0,0,0,0,0,0,0,0,0,0,0,0,3191,0,0,False,False,False,False,False,False,0,0,0,0,0,0
1060464117,la2,LoloProd,DIAMOND,IV,98,73,False,MIDDLE,SOLO,91,14,4,6,15,6,0,1,0,268,0,0,0,0,135276,25998,4514,1,7123,5,32994,163,11495,10550,14,False,True,False,False,False,False,1,0,0,0,0,0
1059613171,la2,MrPiña,DIAMOND,IV,194,150,False,TOP,DUO_SUPPORT,110,4,21,10,11,13,3,2,2,264,1,0,0,0,73535,31319,1387,1,1069,32,20531,56,14047,14250,0,False,True,False,False,False,False,1,0,0,0,0,0
1060085124,la2,Ambission,DIAMOND,IV,201,157,False,TOP,DUO,164,14,12,2,9,1,0,1,0,402,0,0,0,0,64393,12254,3677,1,1860,21,24022,122,6392,6375,14,False,False,False,False,True,False,0,0,0,1,0,0
1060466842,la2,Cherry Blössom,DIAMOND,IV,337,273,True,BOTTOM,DUO_SUPPORT,99,4,21,6,7,12,3,1,2,270,0,0,0,0,32977,12681,633,1,6547,31,11656,18,9556,9775,46,False,True,True,True,True,True,10,2,1,4,0,1
1050567487,la2,Catzenr,DIAMOND,IV,105,47,True,MIDDLE,DUO,517,4,12,10,4,9,6,2,2,745,2,0,0,0,85406,22761,11164,6,7160,35,24613,116,10997,9825,20,False,False,True,True,False,True,9,1,1,2,0,2
1060393858,la2,mlem,DIAMOND,IV,92,95,False,BOTTOM,DUO_SUPPORT,117,3,4,0,4,7,0,0,0,737,0,0,0,0,19423,3370,1463,4,1150,22,11504,36,6248,5485,61,True,False,False,False,True,False,3,0,0,2,0,0
1060148677,la2,Jg bad go next,DIAMOND,IV,54,61,True,TOP,SOLO,39,12,4,11,4,8,6,3,3,483,3,2,0,0,240226,29020,10150,1,22142,6,33159,270,16189,15870,26,False,True,True,False,True,False,8,1,1,4,0,0
1060591656,la2,CDS Hombre Bala,DIAMOND,IV,106,86,True,MIDDLE,SOLO,131,14,4,17,6,3,5,3,4,391,2,1,0,0,272973,29901,5030,1,36437,5,21683,197,18556,15575,14,True,True,True,True,False,False,11,3,2,4,0,1
1053050920,la2,Kroszch,DIAMOND,IV,33,26,True,JUNGLE,NONE,19,11,4,6,3,4,3,2,2,1091,1,0,0,0,127390,11067,18337,1,37082,22,31120,21,9878,9275,31,True,True,True,True,True,True,11,3,1,3,0,2
1057639931,la2,Sweet I Pain ,DIAMOND,IV,145,115,False,JUNGLE,NONE,131,4,11,11,7,11,4,2,3,657,2,0,0,0,257225,32714,12156,1,35879,15,33062,62,16561,14725,22,False,True,False,False,True,True,5,0,0,4,0,2
1059378195,la2,Emelbar,DIAMOND,IV,124,98,False,BOTTOM,DUO_CARRY,236,3,4,2,5,2,0,1,0,769,0,0,0,0,122162,9214,1928,1,883,3,17513,191,10844,9950,19,True,False,False,False,False,True,1,0,0,0,0,1
1060302629,la2,Hauwu,DIAMOND,IV,160,111,True,BOTTOM,DUO_CARRY,523,4,3,14,8,8,4,2,5,365,1,0,0,0,226051,34492,7790,1,29993,33,24965,217,17128,15475,25,True,True,True,True,False,False,11,4,1,2,0,0
1056802394,la2,M e y s s,DIAMOND,IV,122,108,True,BOTTOM,DUO_CARRY,16,4,21,1,5,25,0,1,0,629,0,0,0,0,69597,10447,38483,5,3457,55,24420,100,10718,9650,16,False,False,True,False,False,False,11,4,1,3,0,0
1055843284,la2,Chrołlo,DIAMOND,IV,84,61,True,TOP,DUO_SUPPORT,238,32,4,19,15,18,4,2,5,197,4,0,0,0,89990,32005,5551,1,407,11,33939,57,18532,16850,0,True,True,True,False,False,False,4,1,0,0,0,0
1056678613,la2,MARCELFAKEH,DIAMOND,IV,125,100,True,NONE,DUO_SUPPORT,875,54,14,15,3,4,6,2,3,220,3,0,0,0,79137,20071,4475,1,16548,105,13871,60,13955,13500,6,False,True,False,False,False,False,5,0,0,2,0,0
1051713919,la2,GoblinsYT11,DIAMOND,IV,361,364,False,BOTTOM,DUO_SUPPORT,117,3,4,1,8,17,0,1,0,323,0,0,0,0,14491,4765,2251,5,73,23,16806,11,6760,6250,16,True,False,False,False,False,False,0,0,0,1,0,0
1053781286,la2,BefreshMcFly,DIAMOND,IV,198,221,False,NONE,DUO_SUPPORT,16,4,6,0,11,1,0,0,0,179,0,0,0,0,19810,4901,2691,4,543,17,15686,38,3252,2925,15,False,False,False,False,False,False,1,0,0,0,0,0
1060458889,la2,Kinazo,DIAMOND,IV,295,299,False,BOTTOM,DUO_SUPPORT,16,4,7,1,8,16,0,1,0,428,0,0,0,0,14732,5913,23906,5,107,32,16005,22,6911,6775,47,False,False,False,False,True,False,0,0,0,2,0,0
1060596809,la2,DFG Drâker,DIAMOND,IV,263,259,False,NONE,DUO_SUPPORT,777,4,12,0,5,0,0,0,0,311,0,0,0,0,30907,5665,418,1,0,10,7821,63,3313,2775,7,False,False,False,False,False,False,0,0,0,0,0,0
1060406129,la2,Barry Allenn,DIAMOND,IV,254,205,False,TOP,DUO_SUPPORT,246,14,4,17,15,11,5,4,3,96,3,2,2,0,90695,27068,3090,1,1706,13,27320,62,15905,15850,0,True,False,False,False,False,False,2,0,0,0,0,0
1060189382,la2,SQNY,DIAMOND,IV,339,305,False,JUNGLE,NONE,141,4,11,3,6,1,2,1,1,738,0,0,0,0,138299,9624,11294,1,23271,13,26852,16,8666,8575,22,True,True,False,False,True,True,2,0,0,1,0,1
1060476592,la2,Rosado,DIAMOND,IV,87,57,False,NONE,DUO_SUPPORT,25,14,4,9,13,27,2,2,2,140,1,0,0,0,45949,23059,1979,1,151,64,25095,22,12909,12500,0,True,False,False,False,False,False,1,0,0,0,0,0
1057535649,la2,Guul ,DIAMOND,IV,81,81,False,BOTTOM,DUO_SUPPORT,147,54,3,6,10,12,3,1,2,470,0,0,0,0,78371,15270,17356,5,4182,43,28403,35,14452,14350,65,True,True,False,True,True,True,7,1,1,2,0,1
1060331806,la2,DrumberGhost,DIAMOND,IV,103,79,False,JUNGLE,NONE,107,11,54,1,13,9,0,1,0,358,0,0,0,0,112252,12784,12042,1,11373,22,40205,8,11466,10735,21,True,True,False,False,True,True,5,0,0,1,0,1
1060087986,la2,Orcbolg,DIAMOND,IV,83,76,False,JUNGLE,NONE,33,11,54,4,16,27,2,1,1,320,0,0,0,0,113641,26861,6053,1,1814,96,52434,8,15308,14050,20,False,True,False,False,False,False,4,0,0,2,0,0
1058923199,la2,NO GANKEO GlLES,DIAMOND,IV,170,152,False,BOTTOM,DUO_SUPPORT,89,4,14,2,11,17,0,1,0,271,0,0,0,0,19219,9059,2055,5,2801,51,23413,19,7088,6475,53,False,False,False,False,True,True,3,0,0,2,0,1
1058957093,la2,MRpenacho,DIAMOND,IV,133,92,False,JUNGLE,NONE,104,11,4,7,12,8,3,2,2,285,1,0,0,0,130693,26123,10034,1,17632,29,33328,29,11955,11410,33,True,False,False,True,False,True,4,0,1,0,0,1
1060441707,la2,Shattered Dreams,DIAMOND,IV,224,206,False,TOP,SOLO,266,4,12,4,7,5,3,1,1,526,0,0,0,0,113310,19067,14570,1,229,18,39258,185,9806,8815,21,True,False,False,False,True,False,2,0,0,3,0,1
1060582187,la2,Nipsu,DIAMOND,IV,745,744,True,MIDDLE,SOLO,157,14,4,16,10,8,7,3,4,338,2,1,0,0,373797,42146,8672,1,39869,52,35474,259,19617,18150,33,False,True,False,True,False,False,7,1,2,3,0,1
1060098788,la2,VSC Multi,DIAMOND,IV,197,187,True,MIDDLE,SOLO,7,14,4,7,2,9,3,1,2,728,0,0,0,0,122336,27072,5953,1,8631,13,18103,169,12716,11650,38,True,False,True,True,True,False,11,3,1,4,0,1
1060213113,la2,Shi Tsu,DIAMOND,IV,95,90,False,BOTTOM,DUO_SUPPORT,412,14,4,2,7,16,0,1,0,385,0,0,0,0,20756,6482,907,5,2177,30,15179,43,8116,7625,62,False,False,False,False,False,True,3,0,0,0,0,1
1058940832,la2,Noissa,DIAMOND,IV,143,144,False,JUNGLE,NONE,59,11,4,8,5,20,3,2,3,1055,2,0,0,0,191702,23559,19713,1,22897,24,44103,45,14495,13925,28,True,True,False,True,True,False,6,0,1,5,0,1
1059512184,la2,Nox Neu,DIAMOND,IV,270,279,True,TOP,DUO,23,14,4,12,5,3,5,2,3,409,2,0,0,0,189396,21676,12129,1,18067,9,28452,184,13842,11975,14,True,True,True,False,True,True,6,2,0,3,0,2
1060466650,la2,Joseph Kohai,DIAMOND,IV,294,288,True,MIDDLE,SOLO,7,4,14,16,10,9,11,2,2,614,1,0,0,0,209361,45369,5557,1,3770,49,41632,204,18105,17150,56,False,False,False,False,True,False,11,6,1,5,0,0
1060381447,la2,BSG Alpin,DIAMOND,IV,215,233,False,JUNGLE,NONE,37,3,4,5,8,26,0,1,0,270,0,0,0,0,39152,18374,10146,5,200,21,21473,23,13011,13035,0,True,False,False,False,False,False,1,0,0,0,0,0
1060042789,la2,Bathu,DIAMOND,IV,204,198,False,JUNGLE,NONE,107,11,14,10,4,1,4,2,3,771,3,0,0,0,144895,12075,9599,1,13827,11,18640,19,11487,9925,28,False,False,False,False,True,False,4,0,0,2,0,0
1060107260,la2,SuperChemes,DIAMOND,IV,65,44,False,JUNGLE,NONE,113,11,54,9,6,14,2,2,4,363,1,0,0,0,163557,29021,11409,5,22251,37,59696,48,17642,17200,14,False,False,False,False,True,True,4,0,0,2,0,2
1060461665,la2,aariel,DIAMOND,IV,128,132,True,BOTTOM,DUO_SUPPORT,518,4,14,4,8,9,2,1,1,580,0,0,0,0,40014,17881,1148,1,4436,55,19151,22,9988,9025,80,False,True,True,False,True,True,10,1,1,4,0,1
1060123283,la2,Sugar Titties,DIAMOND,IV,197,192,False,JUNGLE,NONE,245,4,11,19,15,9,5,2,3,319,2,0,0,0,232493,48546,22539,1,13556,33,60587,66,18075,16550,24,False,False,False,False,False,False,4,0,1,1,0,0
1060151611,la2,EwØk,DIAMOND,IV,97,73,False,NONE,DUO_SUPPORT,82,4,12,2,6,0,0,1,0,193,0,0,0,0,47508,6753,1760,1,0,2,13080,86,4747,4050,14,False,False,False,False,False,False,0,0,0,0,0,0
1059066872,la2,Pink Guy,DIAMOND,IV,122,127,True,TOP,DUO,41,54,4,8,5,11,3,1,2,363,0,0,0,0,143900,27123,3727,1,2313,15,16537,113,14655,13950,12,False,True,True,True,False,True,8,1,1,1,0,2
1060467761,la2,jorgeayala321,DIAMOND,IV,87,80,True,BOTTOM,SOLO,11,4,32,20,15,16,5,3,7,236,4,1,0,0,113378,49527,8110,1,1282,1,38406,47,20529,20500,0,True,True,False,False,False,False,4,2,0,0,0,0
1059704491,la2,Veigar,DIAMOND,IV,21,14,True,MIDDLE,SOLO,104,4,14,24,5,0,9,3,4,945,4,1,0,0,320493,39716,11330,1,32622,12,30658,261,20603,17125,32,True,True,True,True,True,False,11,3,1,4,0,0
1060412142,la2,v1bap,DIAMOND,IV,126,128,False,TOP,SOLO,126,4,12,1,5,4,0,1,0,443,0,0,0,0,105978,14502,3050,1,5762,7,14538,198,8502,8550,10,False,False,False,False,True,True,1,0,0,1,0,1
1048278999,la2,Sieghaen II,DIAMOND,IV,160,128,True,TOP,SOLO,82,4,12,3,2,3,2,1,1,812,0,0,0,0,131095,10618,8807,1,23437,5,19121,181,10123,9050,16,True,True,True,True,False,False,11,3,1,2,0,1
1060379126,la2,zlDeMenCYA,DIAMOND,IV,301,281,True,JUNGLE,NONE,141,4,11,13,4,8,6,2,2,780,1,0,0,0,192644,28975,21924,1,36840,22,38285,69,13782,12075,30,True,False,True,True,True,False,11,2,1,4,0,0
1060457222,la2,TheOwO,DIAMOND,IV,67,56,False,JUNGLE,NONE,5,4,11,25,9,7,5,2,8,734,2,0,0,0,260597,44155,30016,1,35042,24,59662,67,20944,24510,28,True,False,False,False,False,True,3,0,0,2,0,1
1060586030,la2,powersata,DIAMOND,IV,537,506,True,JUNGLE,NONE,106,54,4,21,11,9,5,2,3,299,2,0,0,0,141582,66166,5400,1,12220,49,39684,55,20504,19400,15,True,True,True,False,False,True,10,2,0,3,0,1
1059999992,la2,PROYECTODUTYY,DIAMOND,IV,107,79,False,BOTTOM,DUO_CARRY,51,4,7,9,6,3,3,2,3,466,2,0,0,0,112038,17424,3125,2,4190,11,14600,159,10945,10275,17,False,False,False,False,False,False,2,0,0,0,0,1
1059773816,la2,MéndeZz,DIAMOND,IV,7,5,True,BOTTOM,DUO_CARRY,81,7,4,8,1,7,7,1,1,913,0,0,0,0,199020,35318,4968,2,13211,4,15352,233,14282,12950,15,False,True,True,True,False,True,9,2,1,2,0,1
1057637525,la2,MQC,DIAMOND,IV,54,54,False,NONE,DUO_SUPPORT,360,4,3,0,6,1,0,0,0,294,0,0,0,0,21349,3247,535,1,1017,2,7440,64,4174,6090,7,False,False,False,False,True,False,1,0,0,1,0,0
1060151937,la2,Oshir,DIAMOND,IV,37,23,True,TOP,SOLO,98,14,4,1,7,11,0,1,0,764,0,0,0,0,146818,17832,5121,1,13065,25,40156,204,14154,12850,49,True,True,True,True,True,True,11,7,3,5,0,1
1060313715,la2,KGB Senten,DIAMOND,IV,192,179,False,BOTTOM,DUO_CARRY,145,7,4,2,7,1,0,1,0,790,0,0,0,0,101218,13543,2751,2,1955,2,16883,169,8289,8200,20,True,False,False,False,False,False,1,0,0,0,0,0
1060575550,la2,JUKESMEOWMEOW,DIAMOND,IV,335,327,False,MIDDLE,SOLO,517,4,12,2,6,2,0,1,0,483,0,0,0,0,70576,12792,8475,4,3209,22,28181,106,7748,7235,19,False,True,False,False,True,True,1,0,0,2,0,2
1060319438,la2,Tabita Vásquez,DIAMOND,IV,112,101,False,BOTTOM,SOLO,497,14,4,8,12,37,2,2,2,184,1,0,0,0,31841,17409,8941,5,312,66,44298,12,14457,12950,0,False,False,False,False,False,False,1,0,0,0,0,0
1060188312,la2,HappylPlayer,DIAMOND,IV,108,115,True,TOP,SOLO,517,4,12,10,1,10,9,2,1,417,2,0,0,0,89263,18455,11121,6,10233,53,22360,134,10456,8430,14,True,True,True,False,True,True,7,2,0,3,0,2
1060166071,la2,Saint Dîego,DIAMOND,IV,47,32,True,TOP,SOLO,157,12,4,7,15,7,2,1,1,288,0,0,0,0,215287,34372,6905,1,9997,34,35212,192,15375,13850,38,True,True,True,False,True,True,11,3,1,4,0,1
1060173105,la2,Juanelas,DIAMOND,IV,192,190,False,TOP,SOLO,164,4,12,5,4,5,5,1,1,723,0,0,0,0,118813,24946,10692,1,4623,29,33258,156,12031,11825,17,True,True,True,False,True,False,6,1,0,3,0,1
1060605085,la2,Luqlash,DIAMOND,IV,23,21,False,NONE,DUO_SUPPORT,78,32,4,4,6,10,2,1,1,289,0,0,0,0,26155,10682,2914,5,177,39,19625,24,9294,8300,0,True,False,False,False,False,False,1,0,0,0,0,0
1060593933,la2,IIIII DIO IIIII,DIAMOND,IV,143,102,False,MIDDLE,SOLO,105,4,14,6,11,5,2,1,1,403,0,0,0,0,75880,19504,3321,1,465,13,30037,130,10010,9650,8,True,False,False,False,False,False,0,0,0,1,0,0
1059961005,la2,SKR Rygark,DIAMOND,IV,127,124,False,BOTTOM,DUO_SUPPORT,412,4,14,1,4,7,0,1,0,762,0,0,0,0,28936,4282,377,5,1287,21,13114,34,5945,5700,38,False,False,False,False,True,False,0,0,0,3,0,0
1058533360,la2,Kermitt the frog,DIAMOND,IV,52,32,True,JUNGLE,NONE,24,4,12,8,4,1,5,1,2,697,0,0,0,0,176033,24184,7282,1,19249,27,27313,194,13350,12875,27,True,True,True,True,False,False,11,2,1,3,0,1
1057866338,la2,Mr Jich,DIAMOND,IV,66,77,True,TOP,DUO_SUPPORT,240,21,14,3,5,11,2,1,1,807,0,0,0,0,109446,16235,4276,1,8499,8,28942,141,10317,9375,17,True,True,True,True,True,False,8,1,1,4,0,1
1060116147,la2,LegolasD,DIAMOND,IV,166,153,True,TOP,DUO,39,54,4,9,5,11,3,1,2,353,0,0,0,0,99611,27493,8378,1,2122,16,30446,112,14087,12350,13,True,True,True,False,True,True,8,1,0,2,0,2
1060384859,la2,KelaaNeverland,DIAMOND,IV,12,12,True,JUNGLE,NONE,121,11,54,19,4,13,7,2,4,430,3,0,0,0,118461,34358,10788,1,12885,23,25755,19,19297,16700,19,True,True,True,True,False,False,9,2,1,1,0,0
1060585864,la2,Felipë Avello,DIAMOND,IV,76,75,False,JUNGLE,NONE,5,11,4,11,10,8,3,2,4,353,2,0,0,0,166917,33611,21566,1,19152,34,46799,39,14011,13450,23,False,False,False,False,False,True,3,0,0,1,0,2
1059294858,la2,YoungBlackx,DIAMOND,IV,280,247,False,TOP,SOLO,24,4,12,12,10,11,4,2,3,407,1,0,0,0,291647,43528,13802,1,28876,30,50309,254,19661,17225,43,False,False,False,False,False,True,8,0,0,4,0,1
1060570421,la2,Leik0,DIAMOND,IV,12,6,False,MIDDLE,SOLO,45,4,12,6,10,6,2,1,1,445,0,0,0,0,93897,16903,355,1,374,23,20007,130,10947,9200,20,True,False,False,False,True,False,0,0,0,3,0,0
1060368939,la2,ADCerToxica ,DIAMOND,IV,133,123,False,NONE,DUO,23,4,6,6,6,1,2,1,1,333,0,0,0,0,81528,12345,5888,1,7418,4,19206,129,8985,8625,15,False,False,False,False,False,False,1,0,0,1,0,0
1060412120,la2,Shë is my Lamb,DIAMOND,IV,94,101,True,BOTTOM,DUO_CARRY,236,6,54,3,12,17,0,1,0,428,0,0,0,0,113724,29756,4773,1,6691,1,29585,84,12892,11500,15,False,False,True,True,True,True,9,2,1,2,0,1
1054792027,la2,Que Gweno,DIAMOND,IV,56,67,False,TOP,SOLO,875,4,12,3,12,0,0,1,0,346,0,0,0,0,162515,24805,5626,1,6176,28,43757,204,12029,11625,20,False,True,False,False,False,True,5,0,0,1,0,1
1057735818,la2,Chuwel,DIAMOND,IV,49,71,False,JUNGLE,NONE,234,4,11,11,6,4,6,2,2,564,1,0,0,0,165735,21326,19489,1,26225,34,40160,33,13730,13425,28,True,False,False,True,True,True,3,0,1,2,0,1
1059695465,la2,Valentina GutGut,DIAMOND,IV,233,186,False,NONE,DUO_SUPPORT,131,54,11,5,8,7,2,2,1,270,1,0,0,0,117053,16286,4712,1,13548,5,21292,10,11554,9950,9,True,True,False,False,True,False,2,0,0,2,0,0
1059514055,la2,SN0W Carry,DIAMOND,IV,107,134,False,NONE,DUO,875,4,14,0,1,2,0,0,0,383,0,0,0,0,7551,1725,81,1,0,3,2380,24,2332,1550,3,False,False,False,False,False,False,1,0,0,0,0,0
1060108797,la2,DJeremyStyles,DIAMOND,IV,97,62,False,TOP,DUO_SUPPORT,777,4,32,7,12,24,3,2,2,151,2,0,0,0,84262,25698,2770,1,0,28,31749,60,15091,13500,0,True,True,True,False,False,False,2,1,0,0,0,0
1060149225,la2,OT Hêphaistos,DIAMOND,IV,110,109,True,BOTTOM,DUO_CARRY,115,4,12,3,7,7,0,1,0,515,0,0,0,0,209342,15090,480,1,36918,17,17832,202,12082,11675,35,False,True,True,True,True,False,9,2,1,3,0,0
1056384117,la2,Maxi Yapur,DIAMOND,IV,93,78,False,TOP,SOLO,150,54,4,9,5,6,3,2,3,409,1,0,0,0,203852,37660,7899,1,3568,44,36148,153,17919,17600,9,False,False,False,False,False,False,0,0,0,1,0,0
1059977838,la2,Brostian,DIAMOND,IV,36,34,True,BOTTOM,DUO_CARRY,81,3,4,9,4,12,5,1,2,216,0,0,0,0,116614,20405,3230,1,12311,5,13545,141,12039,10650,18,True,True,True,True,True,False,11,4,1,4,0,0
1054957593,la2,Saikyo Supp,DIAMOND,IV,20,25,False,TOP,SOLO,58,4,12,1,7,6,0,1,0,572,0,0,0,0,179156,21186,10688,1,9536,35,38803,239,11059,9900,21,True,True,False,False,True,True,2,0,0,3,0,2
1060379039,la2,Rospi,DIAMOND,IV,390,366,False,TOP,DUO,234,12,4,7,6,2,4,2,2,450,1,0,0,0,177780,18753,6055,1,13210,14,28332,199,13121,12350,34,False,True,False,False,False,True,4,0,0,0,0,2
1060467693,la2,FAN DE DILLOM,DIAMOND,IV,135,127,False,MIDDLE,SOLO,7,4,14,3,4,2,0,1,0,811,0,0,0,0,88081,15136,3676,1,720,19,17926,167,9460,8725,28,False,True,True,False,True,True,4,1,0,1,0,2
1060215441,la2,Lee moncito,DIAMOND,IV,41,19,False,MIDDLE,DUO,84,4,12,14,5,7,5,2,3,1128,2,0,0,0,149136,32759,12913,1,2738,3,33221,192,14221,13800,35,True,True,True,False,False,True,5,1,0,2,0,1
1059878147,la2,Gaby B PA,DIAMOND,IV,42,32,True,NONE,DUO_SUPPORT,3,4,54,2,7,14,0,1,0,415,0,0,0,0,56505,12924,2106,1,4845,39,25049,52,9516,8425,21,True,False,False,False,True,False,6,1,0,1,0,1
1059870587,la2,misterlechro,DIAMOND,IV,136,119,False,BOTTOM,DUO_CARRY,51,4,7,3,4,3,2,1,1,638,0,0,0,0,65168,6219,2013,1,2356,4,9838,145,7562,6875,11,True,False,False,False,False,False,1,0,0,0,0,0
1060312698,la2,Brud0nt,DIAMOND,IV,341,316,False,JUNGLE,NONE,64,4,11,6,9,11,3,1,1,592,0,0,0,0,123548,15397,7079,1,3655,28,32657,25,11145,10050,21,False,False,False,False,True,False,2,0,0,1,0,0
1060260912,la2,TruePower,DIAMOND,IV,289,286,False,TOP,SOLO,875,4,12,4,9,3,2,1,1,425,0,0,0,0,93171,13636,894,1,2726,29,23870,141,9431,9425,11,False,False,False,False,True,False,1,0,0,1,0,0
1060148591,la2,Jeon So Yeon,DIAMOND,IV,130,140,False,BOTTOM,DUO_CARRY,161,7,4,15,7,13,7,2,4,757,2,0,0,0,167543,37918,3102,4,13019,27,21514,176,15475,14850,16,False,True,True,True,True,True,9,3,1,3,0,1
1060232497,la2,Saruu,DIAMOND,IV,247,198,False,MIDDLE,DUO_SUPPORT,13,6,4,6,10,33,3,1,2,454,0,0,0,0,107325,26496,6562,1,1017,26,37005,80,15706,14300,0,True,True,False,False,False,False,2,1,0,0,0,0
1057808521,la2,Convida1 Pancito,DIAMOND,IV,91,85,False,JUNGLE,NONE,203,4,11,6,8,7,3,2,1,673,1,0,0,0,173470,18696,21436,25,38797,3,31916,31,12531,11400,32,True,False,False,False,True,True,3,0,0,3,0,2
1060405632,la2,Jottorta,DIAMOND,IV,151,129,False,TOP,DUO,202,7,4,12,18,15,2,2,2,320,2,0,0,0,226845,27035,8870,3,13878,20,47307,205,17043,17025,28,True,True,False,False,False,True,5,0,0,0,0,1
1060466852,la2,Víçrø,DIAMOND,IV,228,180,False,NONE,DUO_SUPPORT,254,54,11,4,6,2,3,2,1,308,1,0,0,0,62376,7205,2692,1,13236,69,12390,5,7930,7975,8,True,False,False,False,False,True,2,0,0,0,0,1
1054550392,la2,Darkmancer,DIAMOND,IV,73,65,True,JUNGLE,NONE,7,4,14,8,1,3,6,1,2,600,0,0,0,0,68478,12114,2832,1,8036,13,8949,137,9959,9150,10,False,True,True,False,False,True,8,1,0,2,0,1
1060588294,la2,Denzay,DIAMOND,IV,46,38,True,MIDDLE,DUO_CARRY,202,6,4,30,9,20,7,4,7,195,7,1,1,0,121854,48705,9197,1,2443,25,29022,104,19249,19400,0,True,True,True,False,False,False,4,2,0,0,0,0
1060605111,la2,Brauliomagno,DIAMOND,IV,467,460,False,TOP,SOLO,10,4,12,5,11,5,3,2,2,244,1,0,0,0,122073,11533,4264,5,7666,7,25286,148,10845,10675,26,False,False,False,False,True,False,3,0,0,1,0,0
1058278360,la2,Regy,DIAMOND,IV,193,200,True,MIDDLE,SOLO,157,14,4,11,4,3,5,2,3,562,1,0,0,0,128766,19957,3951,1,8497,22,16825,169,11723,11350,12,False,True,False,False,False,False,4,0,0,1,0,0
1060367283,la2,philipoo,DIAMOND,IV,221,209,True,NONE,DUO_SUPPORT,110,4,21,13,10,33,3,2,4,145,3,0,0,0,59951,32050,2849,1,1902,38,17964,38,13688,11400,0,False,True,True,False,False,False,4,3,0,0,0,0
1060449975,la2,CrØss,DIAMOND,IV,30,17,True,NONE,DUO,145,4,7,20,5,17,9,3,4,294,3,2,0,0,72990,30605,5537,3,4612,0,18479,83,13727,11100,0,True,True,True,False,False,False,4,1,0,0,0,0
1060190645,la2,TAUROSØNIC,DIAMOND,IV,389,354,True,MIDDLE,DUO,101,4,1,10,5,10,4,2,2,529,1,0,0,0,161032,32794,1380,1,6562,22,13892,189,13552,10935,18,False,True,True,False,False,True,11,3,1,3,0,1
1054555907,la2,Simio Azteca,DIAMOND,IV,66,50,True,BOTTOM,DUO_SUPPORT,37,14,4,4,7,14,2,1,1,613,0,0,0,0,37585,14056,13283,5,4098,9,23843,10,9385,9800,62,False,True,False,True,True,False,9,1,1,3,0,0
1060072668,la2,Vallthor99,DIAMOND,IV,41,18,True,TOP,SOLO,223,12,6,7,2,13,5,1,1,847,0,0,0,0,88387,22863,12768,1,7523,52,30725,139,11537,10550,15,True,False,True,False,False,False,5,1,0,2,0,0
1059679707,la2,Kazyer,DIAMOND,IV,140,123,False,NONE,DUO,51,4,7,0,0,0,0,0,0,0,0,0,0,0,3037,692,162,1,0,1,801,13,959,500,1,False,False,False,False,False,False,0,0,0,0,0,0
1060462782,la2,Año Sabatico,DIAMOND,IV,7,11,False,JUNGLE,NONE,145,4,32,9,3,17,5,1,2,564,0,0,0,0,69184,31186,3681,1,2283,0,14351,38,13148,12200,0,False,False,False,False,False,False,2,0,0,0,0,0
1060571871,la2,The Mave,DIAMOND,IV,369,317,True,TOP,SOLO,39,4,14,26,5,5,7,5,5,1016,4,2,1,1,342340,66052,25515,1,15155,25,57104,297,24168,20975,41,True,True,True,True,False,True,11,4,1,4,0,1
1060371551,la2,szlin,DIAMOND,IV,170,153,False,NONE,DUO_SUPPORT,238,14,4,2,3,2,2,2,1,258,1,0,0,0,45278,6797,867,1,323,2,7279,97,5581,5235,12,False,False,False,False,False,False,0,0,0,0,0,0
1059355338,la2,Mackenzie GOD,DIAMOND,IV,105,137,True,JUNGLE,NONE,2,11,6,8,4,8,6,2,1,294,1,0,0,0,154670,14459,10664,1,26276,16,23652,22,11373,9625,21,True,False,True,True,False,True,9,2,1,2,0,2
1056105343,la2,Maki Best Wifuuu,DIAMOND,IV,152,136,True,TOP,SOLO,78,54,4,12,8,12,3,2,4,471,2,0,0,0,151854,44144,4752,1,8109,48,42396,95,17689,23845,36,True,False,True,True,True,True,10,3,1,3,0,1
1055066147,la2,Keyvos,DIAMOND,IV,33,29,True,MIDDLE,DUO,21,7,4,1,4,11,0,1,0,972,0,0,0,0,67091,10542,2547,3,4596,5,10747,140,8463,6775,21,True,True,True,True,False,False,7,1,1,0,0,1
1060267069,la2,NemealLion,DIAMOND,IV,103,104,False,MIDDLE,SOLO,7,14,4,17,7,5,6,1,5,722,0,0,0,0,187763,43923,13143,1,2317,34,42313,234,19428,18475,62,True,False,False,True,True,False,3,0,1,2,0,0
1060410316,la2,Crimson Mysth,DIAMOND,IV,20,19,False,JUNGLE,NONE,28,54,11,20,11,10,10,2,4,572,2,0,0,0,179581,53535,15567,1,40894,17,55866,26,23387,17500,18,False,False,False,True,True,True,6,1,1,4,0,1
1053265322,la2,Flavigot02,DIAMOND,IV,27,20,True,BOTTOM,DUO_CARRY,81,4,3,5,0,6,5,1,1,0,0,0,0,0,99716,10847,3020,1,9082,2,8409,170,9763,8625,24,False,True,False,False,True,True,5,0,0,3,0,1
1056418907,la2,PROFE DE ARTE,DIAMOND,IV,105,91,False,NONE,DUO_SUPPORT,240,4,54,16,2,10,12,2,3,205,1,0,0,0,100968,22545,6076,1,13039,4,21983,95,17204,15150,7,False,True,True,False,True,False,9,2,0,3,0,0
1060427310,la2,ÐShadow,DIAMOND,IV,56,48,False,NONE,DUO_SUPPORT,68,4,32,10,13,17,2,2,2,128,2,0,0,0,42144,17882,710,1,564,10,26437,31,13029,12550,0,False,True,False,False,False,False,2,0,0,0,0,0
1059942153,la2,KihtaL,DIAMOND,IV,102,99,True,NONE,DUO_SUPPORT,48,4,12,9,1,6,8,2,1,254,1,0,0,0,57227,11546,8486,1,8359,12,14834,110,8959,7225,19,True,True,True,False,False,True,10,2,0,1,0,1
1059397406,la2,srdelamuerte,DIAMOND,IV,281,255,True,MIDDLE,DUO,24,4,54,16,5,3,12,2,2,719,2,0,0,0,271169,37950,13640,1,24288,33,45642,155,23149,41173,17,True,True,True,True,True,True,11,4,2,4,0,2
1060361636,la2,Mortime,DIAMOND,IV,65,32,False,JUNGLE,NONE,876,4,11,0,8,1,0,0,0,399,0,0,0,0,84838,5319,9064,1,10069,9,24629,33,5825,5400,9,True,True,False,False,True,False,1,0,0,1,0,0
1043694037,la2,Anti Feminista,DIAMOND,IV,116,81,False,JUNGLE,NONE,59,4,11,5,10,9,4,2,1,367,1,0,0,0,106329,14850,7970,1,7460,26,31298,21,9636,9575,26,True,False,False,False,True,False,1,0,0,1,0,0
1059756921,la2,Vino colo colo,DIAMOND,IV,90,111,True,NONE,DUO_SUPPORT,141,14,4,18,11,2,8,3,4,188,2,1,0,0,51713,21807,4326,1,758,8,21655,47,13058,12750,0,False,False,True,False,False,False,4,1,0,0,0,0
1060319457,la2,THE SCARECR0W,DIAMOND,IV,397,355,False,JUNGLE,NONE,9,11,4,4,4,4,3,1,1,820,0,0,0,0,109753,8474,7926,1,9962,14,17223,42,8596,6900,35,True,False,False,False,True,False,2,0,0,1,0,0
1059469649,la2,YaFue IV,DIAMOND,IV,204,157,True,BOTTOM,DUO_CARRY,202,7,4,6,3,5,5,3,1,632,1,1,0,0,93001,9228,3440,2,5199,17,9611,149,9149,8575,17,True,True,False,False,True,True,4,0,0,3,0,1
1060458557,la2,ElChupeteSuazo69,DIAMOND,IV,67,62,True,BOTTOM,DUO_SUPPORT,412,14,4,6,8,25,2,2,2,820,1,0,0,0,45483,15574,3126,5,3621,59,24747,45,11110,10625,63,True,False,True,False,True,False,7,2,0,3,0,0
1060193033,la2,Tie,DIAMOND,IV,193,191,False,NONE,DUO_SUPPORT,64,4,11,4,4,0,3,2,1,341,1,0,0,0,39025,3036,2784,1,5903,7,10627,9,5021,4825,11,False,False,False,False,True,False,0,0,0,1,0,0
1058468818,la2,hakecoso,DIAMOND,IV,185,168,False,MIDDLE,SOLO,67,54,4,8,11,10,2,2,2,255,2,0,0,0,193615,23582,9462,1,14458,13,34409,86,15952,13955,17,True,True,False,False,True,True,7,0,0,4,0,1
1054226150,la2,Ziiro,DIAMOND,IV,123,86,True,JUNGLE,NONE,67,4,3,16,4,4,5,2,4,479,3,0,0,0,241730,26982,11792,1,31772,13,20519,239,18673,15800,15,True,True,True,True,True,True,10,3,1,1,0,2
1059723200,la2,YasuoMercyOnMe,DIAMOND,IV,413,384,True,NONE,DUO,145,4,1,6,1,4,6,2,1,651,2,0,0,0,100620,9777,2633,1,22802,0,7566,150,9233,8175,5,True,False,True,False,True,False,7,1,0,3,0,1
1059190240,la2,GIade,DIAMOND,IV,84,68,False,JUNGLE,NONE,234,4,11,7,3,1,3,1,2,750,0,0,0,0,109323,13880,10859,1,5898,13,23943,34,9351,9350,24,False,False,False,False,False,False,0,0,0,0,0,0
1057064366,la2,papriv,DIAMOND,IV,121,71,True,BOTTOM,DUO_SUPPORT,235,4,54,6,4,15,3,1,1,507,0,0,0,0,35903,10416,7305,5,676,24,12473,20,12680,11225,26,False,False,True,False,False,True,11,3,0,2,0,1
1059885832,la2,The Buddha,DIAMOND,IV,30,27,False,MIDDLE,DUO,54,12,4,0,4,1,0,0,0,401,0,0,0,0,56876,4102,98,1,3115,9,10463,125,5618,5000,6,False,False,False,False,False,False,1,0,0,0,0,0
1060467819,la2,Clarete dulce,DIAMOND,IV,46,33,False,BOTTOM,SOLO,145,7,4,5,8,8,0,1,0,575,0,0,0,0,247836,17417,8917,2,1994,2,26715,288,15267,14930,22,True,False,False,False,False,True,3,0,0,2,0,1
1051022646,la2,Chech0Sepulveda,DIAMOND,IV,149,156,False,BOTTOM,DUO_SUPPORT,235,4,7,8,7,12,6,1,1,847,0,0,0,0,51329,19270,12141,5,805,46,27239,41,11355,9950,82,False,True,False,False,False,True,2,0,0,1,0,2
1060386935,la2,ElDueñoDelGato,DIAMOND,IV,162,149,True,BOTTOM,DUO_CARRY,523,4,7,13,5,5,7,2,2,727,4,0,0,0,116222,24270,6527,2,8520,19,16606,146,12817,12525,17,False,True,True,False,False,True,10,3,0,2,0,1
1060184960,la2,Ks As  Titanio,DIAMOND,IV,93,55,False,JUNGLE,NONE,92,4,54,20,10,16,5,2,6,500,3,0,0,0,303229,56440,36540,1,22418,52,80749,190,29103,31170,16,True,True,False,False,True,True,7,0,0,3,0,2
